file,regime,vds_mean_v,turn_on_direction,vth_method,vth_v,vth_fit_start_vgs,vth_fit_end_vgs,vth_fit_r_squared,ss_mv_dec,ss_fit_start_vgs,ss_fit_end_vgs,ss_fit_r_squared,ion_a,ioff_a,ion_ioff
no_light_linear0_2.csv,linear,0.19992031999999998,increasing VGS,ID-VGS extrapolation,-6.714754013338533,-6.36264,-5.87772,0.9996228869860609,1002.3861185673765,-6.60466,-6.12087,0.9985344688294561,0.00203305,0.000232249,8.753751361685087
no_light_linear0_8.csv,linear,0.7996901900000001,increasing VGS,ID-VGS extrapolation,-6.510642305365647,-5.9992,-5.51419,0.9997532895775217,1027.930831074991,-6.60458,-6.1208,0.9990949686797798,0.00826798,0.000494379,16.723970880640156
no_light_sat5.csv,saturation,4.9977213,increasing VGS,sqrt(ID)-VGS extrapolation,-7.354018406562351,-6.4842,-5.99921,0.9997777460340304,1032.4625687105747,-6.72621,-6.24096,0.9982606204941099,0.0419234,0.000675234,62.087217172121065
no_light_sat8.csv,saturation,7.9965931999999995,increasing VGS,sqrt(ID)-VGS extrapolation,-7.462130523896503,-6.48419,-5.9992,0.9999653790055197,1086.5537710874376,-6.84761,-6.36259,0.9991149764664116,0.0474027,0.000747206,63.43993490416297
